lia.domide = liadomide <lia_domide@yahoo.com>
stuart.knock = stuart-knock <stuart.knock@gmail.com>
bogdan.neacsa = bogdanneacsa <bogdan.neacsa@genesys.com>
marmaduke.woodman = maedoc <mw@eml.cc>
tim.proix = timpx <timpx@eml.cc>
michael.burgstahler = twotribes <mburg@twotribes.de>
paula.sanz-leon = pausz <sanzleon.paula@gmail.com>
jan.fousek = i-Zaak <izaak@mail.muni.cz>
mihai.andrei = mihandrei <mihai.daniel.psmg@gmail.com>
mathieu.golos = mGolos <mathieu.golos@etu.univ-amu.fr>
francesca.melozzi = FrancescaMelozzi <france.melozzi@gmail.com>
devin.bayly = DevinBayly <baylyd@email.arizona.edu>
wenyan = Vio8023 <huwy.vio@gmail.com>
viktor.sip = sipv <vikt.sip@gmail.com>
paula.popa = popaula937 <paula.popa@codemart.ro>
dan.pop = danvladpop <popdanvlad87@gmail.com>
vlad.farcas = uivlis <vladsilviufarcas@gmail.com>
